strategy,approach,ticker,test_year,horizon
S1_MeanRev,B,LSRG,2022,h1
S1_MeanRev,B,LSRG,2023,h1
S1_MeanRev,B,LSRG,2024,h1
S1_MeanRev,B,LSRG,2025,h5
S1_MeanRev,C,LSRG,2022,h1
S1_MeanRev,C,LSRG,2023,h1
S1_MeanRev,C,LSRG,2024,h5
S1_MeanRev,C,LSRG,2025,h1
S1_MeanRev,D,LSRG,2022,h22
S1_MeanRev,D,LSRG,2023,h22
S1_MeanRev,D,LSRG,2024,h5
S1_MeanRev,D,LSRG,2025,h1
S2_Bollinger,B,LSRG,2022,h1
S2_Bollinger,B,LSRG,2023,h1
S2_Bollinger,B,LSRG,2024,h1
S2_Bollinger,B,LSRG,2025,h1
S2_Bollinger,C,LSRG,2022,?
S2_Bollinger,C,LSRG,2023,h1
S2_Bollinger,C,LSRG,2024,h5
S2_Bollinger,C,LSRG,2025,?
S2_Bollinger,D,LSRG,2022,h1
S2_Bollinger,D,LSRG,2023,h1
S2_Bollinger,D,LSRG,2024,h5
S2_Bollinger,D,LSRG,2025,h22
S3_Donchian,B,LSRG,2022,h5
S3_Donchian,B,LSRG,2023,h5
S3_Donchian,B,LSRG,2024,h1
S3_Donchian,B,LSRG,2025,h1
S3_Donchian,C,LSRG,2022,h1
S3_Donchian,C,LSRG,2023,h1
S3_Donchian,C,LSRG,2024,h1
S3_Donchian,C,LSRG,2025,h1
S3_Donchian,D,LSRG,2022,h22
S3_Donchian,D,LSRG,2023,h5
S3_Donchian,D,LSRG,2024,h5
S3_Donchian,D,LSRG,2025,h5
S4_Supertrend,B,LSRG,2022,h5
S4_Supertrend,B,LSRG,2023,h5
S4_Supertrend,B,LSRG,2024,h5
S4_Supertrend,B,LSRG,2025,h5
S4_Supertrend,C,LSRG,2022,h1
S4_Supertrend,C,LSRG,2023,h5
S4_Supertrend,C,LSRG,2024,h5
S4_Supertrend,C,LSRG,2025,h5
S4_Supertrend,D,LSRG,2022,h22
S4_Supertrend,D,LSRG,2023,h22
S4_Supertrend,D,LSRG,2024,h5
S4_Supertrend,D,LSRG,2025,h5
S5_PivotPoints,B,LSRG,2022,h1
S5_PivotPoints,B,LSRG,2023,h1
S5_PivotPoints,B,LSRG,2024,h1
S5_PivotPoints,B,LSRG,2025,h1
S5_PivotPoints,C,LSRG,2022,h1
S5_PivotPoints,C,LSRG,2023,h1
S5_PivotPoints,C,LSRG,2024,?
S5_PivotPoints,C,LSRG,2025,h1
S5_PivotPoints,D,LSRG,2022,h22
S5_PivotPoints,D,LSRG,2023,h22
S5_PivotPoints,D,LSRG,2024,h22
S5_PivotPoints,D,LSRG,2025,h22
S6_VWAP,B,LSRG,2022,h1
S6_VWAP,B,LSRG,2023,h5
S6_VWAP,B,LSRG,2024,h5
S6_VWAP,B,LSRG,2025,h5
S6_VWAP,C,LSRG,2022,?
S6_VWAP,C,LSRG,2023,h1
S6_VWAP,C,LSRG,2024,h22
S6_VWAP,C,LSRG,2025,h22
S6_VWAP,D,LSRG,2022,h1
S6_VWAP,D,LSRG,2023,h22
S6_VWAP,D,LSRG,2024,h1
S6_VWAP,D,LSRG,2025,h1
S1_MeanRev,B,AFLT,2022,h1
S1_MeanRev,B,AFLT,2023,h1
S1_MeanRev,B,AFLT,2024,h1
S1_MeanRev,B,AFLT,2025,h1
S1_MeanRev,C,AFLT,2022,h22
S1_MeanRev,C,AFLT,2023,?
S1_MeanRev,C,AFLT,2024,h22
S1_MeanRev,C,AFLT,2025,h22
S1_MeanRev,D,AFLT,2022,h5
S1_MeanRev,D,AFLT,2023,h1
S1_MeanRev,D,AFLT,2024,h22
S1_MeanRev,D,AFLT,2025,h22
S2_Bollinger,B,AFLT,2022,h1
S2_Bollinger,B,AFLT,2023,h1
S2_Bollinger,B,AFLT,2024,h1
S2_Bollinger,B,AFLT,2025,h1
S2_Bollinger,C,AFLT,2022,?
S2_Bollinger,C,AFLT,2023,?
S2_Bollinger,C,AFLT,2024,?
S2_Bollinger,C,AFLT,2025,h22
S2_Bollinger,D,AFLT,2022,h1
S2_Bollinger,D,AFLT,2023,h1
S2_Bollinger,D,AFLT,2024,h1
S2_Bollinger,D,AFLT,2025,h22
S3_Donchian,B,AFLT,2022,h5
S3_Donchian,B,AFLT,2023,h22
S3_Donchian,B,AFLT,2024,h5
S3_Donchian,B,AFLT,2025,h5
S3_Donchian,C,AFLT,2022,h22
S3_Donchian,C,AFLT,2023,h1
S3_Donchian,C,AFLT,2024,h5
S3_Donchian,C,AFLT,2025,h5
S3_Donchian,D,AFLT,2022,h5
S3_Donchian,D,AFLT,2023,h5
S3_Donchian,D,AFLT,2024,h5
S3_Donchian,D,AFLT,2025,h5
S4_Supertrend,B,AFLT,2022,h5
S4_Supertrend,B,AFLT,2023,h5
S4_Supertrend,B,AFLT,2024,h5
S4_Supertrend,B,AFLT,2025,h5
S4_Supertrend,C,AFLT,2022,h1
S4_Supertrend,C,AFLT,2023,h1
S4_Supertrend,C,AFLT,2024,h1
S4_Supertrend,C,AFLT,2025,h1
S4_Supertrend,D,AFLT,2022,h22
S4_Supertrend,D,AFLT,2023,h1
S4_Supertrend,D,AFLT,2024,h22
S4_Supertrend,D,AFLT,2025,h22
S5_PivotPoints,B,AFLT,2022,h1
S5_PivotPoints,B,AFLT,2023,h1
S5_PivotPoints,B,AFLT,2024,h1
S5_PivotPoints,B,AFLT,2025,h1
S5_PivotPoints,C,AFLT,2022,?
S5_PivotPoints,C,AFLT,2023,?
S5_PivotPoints,C,AFLT,2024,?
S5_PivotPoints,C,AFLT,2025,?
S5_PivotPoints,D,AFLT,2022,h1
S5_PivotPoints,D,AFLT,2023,h1
S5_PivotPoints,D,AFLT,2024,h1
S5_PivotPoints,D,AFLT,2025,h1
S6_VWAP,B,AFLT,2022,h1
S6_VWAP,B,AFLT,2023,h1
S6_VWAP,B,AFLT,2024,h1
S6_VWAP,B,AFLT,2025,h1
S6_VWAP,C,AFLT,2022,?
S6_VWAP,C,AFLT,2023,h1
S6_VWAP,C,AFLT,2024,h5
S6_VWAP,C,AFLT,2025,h5
S6_VWAP,D,AFLT,2022,h1
S6_VWAP,D,AFLT,2023,h1
S6_VWAP,D,AFLT,2024,h1
S6_VWAP,D,AFLT,2025,h1
S1_MeanRev,B,IRAO,2022,h1
S1_MeanRev,B,IRAO,2023,h1
S1_MeanRev,B,IRAO,2024,h1
S1_MeanRev,B,IRAO,2025,h1
S1_MeanRev,C,IRAO,2022,h5
S1_MeanRev,C,IRAO,2023,h1
S1_MeanRev,C,IRAO,2024,h1
S1_MeanRev,C,IRAO,2025,h1
S1_MeanRev,D,IRAO,2022,h22
S1_MeanRev,D,IRAO,2023,h22
S1_MeanRev,D,IRAO,2024,h5
S1_MeanRev,D,IRAO,2025,h1
S2_Bollinger,B,IRAO,2022,h1
S2_Bollinger,B,IRAO,2023,h1
S2_Bollinger,B,IRAO,2024,h1
S2_Bollinger,B,IRAO,2025,h1
S2_Bollinger,C,IRAO,2022,h5
S2_Bollinger,C,IRAO,2023,h1
S2_Bollinger,C,IRAO,2024,h1
S2_Bollinger,C,IRAO,2025,h1
S2_Bollinger,D,IRAO,2022,h22
S2_Bollinger,D,IRAO,2023,h22
S2_Bollinger,D,IRAO,2024,h5
S2_Bollinger,D,IRAO,2025,h1
S3_Donchian,B,IRAO,2022,h1
S3_Donchian,B,IRAO,2023,h1
S3_Donchian,B,IRAO,2024,h1
S3_Donchian,B,IRAO,2025,h1
S3_Donchian,C,IRAO,2022,h1
S3_Donchian,C,IRAO,2023,h1
S3_Donchian,C,IRAO,2024,h22
S3_Donchian,C,IRAO,2025,h22
S3_Donchian,D,IRAO,2022,h5
S3_Donchian,D,IRAO,2023,h5
S3_Donchian,D,IRAO,2024,h5
S3_Donchian,D,IRAO,2025,h5
S4_Supertrend,B,IRAO,2022,h1
S4_Supertrend,B,IRAO,2023,h1
S4_Supertrend,B,IRAO,2024,h1
S4_Supertrend,B,IRAO,2025,h1
S4_Supertrend,C,IRAO,2022,h22
S4_Supertrend,C,IRAO,2023,h1
S4_Supertrend,C,IRAO,2024,h1
S4_Supertrend,C,IRAO,2025,h1
S4_Supertrend,D,IRAO,2022,h1
S4_Supertrend,D,IRAO,2023,h5
S4_Supertrend,D,IRAO,2024,h5
S4_Supertrend,D,IRAO,2025,h5
S5_PivotPoints,B,IRAO,2022,h1
S5_PivotPoints,B,IRAO,2023,h1
S5_PivotPoints,B,IRAO,2024,h1
S5_PivotPoints,B,IRAO,2025,h1
S5_PivotPoints,C,IRAO,2022,?
S5_PivotPoints,C,IRAO,2023,?
S5_PivotPoints,C,IRAO,2024,?
S5_PivotPoints,C,IRAO,2025,?
S5_PivotPoints,D,IRAO,2022,h1
S5_PivotPoints,D,IRAO,2023,h1
S5_PivotPoints,D,IRAO,2024,h1
S5_PivotPoints,D,IRAO,2025,h1
S6_VWAP,B,IRAO,2022,h22
S6_VWAP,B,IRAO,2023,h22
S6_VWAP,B,IRAO,2024,h5
S6_VWAP,B,IRAO,2025,h5
S6_VWAP,C,IRAO,2022,h5
S6_VWAP,C,IRAO,2023,h22
S6_VWAP,C,IRAO,2024,h22
S6_VWAP,C,IRAO,2025,h5
S6_VWAP,D,IRAO,2022,h1
S6_VWAP,D,IRAO,2023,h1
S6_VWAP,D,IRAO,2024,h1
S6_VWAP,D,IRAO,2025,h1
S1_MeanRev,B,HYDR,2022,h1
S1_MeanRev,B,HYDR,2023,h1
S1_MeanRev,B,HYDR,2024,h22
S1_MeanRev,B,HYDR,2025,h22
S1_MeanRev,C,HYDR,2022,?
S1_MeanRev,C,HYDR,2023,?
S1_MeanRev,C,HYDR,2024,h22
S1_MeanRev,C,HYDR,2025,h22
S1_MeanRev,D,HYDR,2022,h1
S1_MeanRev,D,HYDR,2023,h1
S1_MeanRev,D,HYDR,2024,h5
S1_MeanRev,D,HYDR,2025,h5
S2_Bollinger,B,HYDR,2022,h1
S2_Bollinger,B,HYDR,2023,h1
S2_Bollinger,B,HYDR,2024,h1
S2_Bollinger,B,HYDR,2025,h1
S2_Bollinger,C,HYDR,2022,?
S2_Bollinger,C,HYDR,2023,h5
S2_Bollinger,C,HYDR,2024,h1
S2_Bollinger,C,HYDR,2025,h5
S2_Bollinger,D,HYDR,2022,h1
S2_Bollinger,D,HYDR,2023,h1
S2_Bollinger,D,HYDR,2024,h1
S2_Bollinger,D,HYDR,2025,h1
S3_Donchian,B,HYDR,2022,h1
S3_Donchian,B,HYDR,2023,h1
S3_Donchian,B,HYDR,2024,h1
S3_Donchian,B,HYDR,2025,h1
S3_Donchian,C,HYDR,2022,h1
S3_Donchian,C,HYDR,2023,h1
S3_Donchian,C,HYDR,2024,h1
S3_Donchian,C,HYDR,2025,h1
S3_Donchian,D,HYDR,2022,h5
S3_Donchian,D,HYDR,2023,h22
S3_Donchian,D,HYDR,2024,h22
S3_Donchian,D,HYDR,2025,h22
S4_Supertrend,B,HYDR,2022,h1
S4_Supertrend,B,HYDR,2023,h1
S4_Supertrend,B,HYDR,2024,h1
S4_Supertrend,B,HYDR,2025,h1
S4_Supertrend,C,HYDR,2022,h1
S4_Supertrend,C,HYDR,2023,h1
S4_Supertrend,C,HYDR,2024,h1
S4_Supertrend,C,HYDR,2025,h1
S4_Supertrend,D,HYDR,2022,h1
S4_Supertrend,D,HYDR,2023,h1
S4_Supertrend,D,HYDR,2024,h1
S4_Supertrend,D,HYDR,2025,h1
S5_PivotPoints,B,HYDR,2022,h1
S5_PivotPoints,B,HYDR,2023,h1
S5_PivotPoints,B,HYDR,2024,h1
S5_PivotPoints,B,HYDR,2025,h1
S5_PivotPoints,C,HYDR,2022,?
S5_PivotPoints,C,HYDR,2023,?
S5_PivotPoints,C,HYDR,2024,?
S5_PivotPoints,C,HYDR,2025,?
S5_PivotPoints,D,HYDR,2022,h1
S5_PivotPoints,D,HYDR,2023,h1
S5_PivotPoints,D,HYDR,2024,h1
S5_PivotPoints,D,HYDR,2025,h1
S6_VWAP,B,HYDR,2022,h22
S6_VWAP,B,HYDR,2023,h22
S6_VWAP,B,HYDR,2024,h22
S6_VWAP,B,HYDR,2025,h1
S6_VWAP,C,HYDR,2022,h22
S6_VWAP,C,HYDR,2023,h5
S6_VWAP,C,HYDR,2024,h1
S6_VWAP,C,HYDR,2025,h1
S6_VWAP,D,HYDR,2022,h1
S6_VWAP,D,HYDR,2023,h5
S6_VWAP,D,HYDR,2024,h5
S6_VWAP,D,HYDR,2025,h5
S1_MeanRev,B,ALRS,2022,h1
S1_MeanRev,B,ALRS,2023,h1
S1_MeanRev,B,ALRS,2024,h1
S1_MeanRev,B,ALRS,2025,h1
S1_MeanRev,C,ALRS,2022,h5
S1_MeanRev,C,ALRS,2023,h1
S1_MeanRev,C,ALRS,2024,h22
S1_MeanRev,C,ALRS,2025,?
S1_MeanRev,D,ALRS,2022,h1
S1_MeanRev,D,ALRS,2023,h5
S1_MeanRev,D,ALRS,2024,h5
S1_MeanRev,D,ALRS,2025,h1
S2_Bollinger,B,ALRS,2022,h1
S2_Bollinger,B,ALRS,2023,h1
S2_Bollinger,B,ALRS,2024,h1
S2_Bollinger,B,ALRS,2025,h1
S2_Bollinger,C,ALRS,2022,h5
S2_Bollinger,C,ALRS,2023,h5
S2_Bollinger,C,ALRS,2024,?
S2_Bollinger,C,ALRS,2025,?
S2_Bollinger,D,ALRS,2022,h1
S2_Bollinger,D,ALRS,2023,h1
S2_Bollinger,D,ALRS,2024,h1
S2_Bollinger,D,ALRS,2025,h1
S3_Donchian,B,ALRS,2022,h22
S3_Donchian,B,ALRS,2023,h22
S3_Donchian,B,ALRS,2024,h5
S3_Donchian,B,ALRS,2025,h5
S3_Donchian,C,ALRS,2022,h22
S3_Donchian,C,ALRS,2023,h1
S3_Donchian,C,ALRS,2024,h1
S3_Donchian,C,ALRS,2025,h1
S3_Donchian,D,ALRS,2022,h1
S3_Donchian,D,ALRS,2023,h22
S3_Donchian,D,ALRS,2024,h22
S3_Donchian,D,ALRS,2025,h22
S4_Supertrend,B,ALRS,2022,h1
S4_Supertrend,B,ALRS,2023,h22
S4_Supertrend,B,ALRS,2024,h5
S4_Supertrend,B,ALRS,2025,h5
S4_Supertrend,C,ALRS,2022,h22
S4_Supertrend,C,ALRS,2023,h22
S4_Supertrend,C,ALRS,2024,h1
S4_Supertrend,C,ALRS,2025,h1
S4_Supertrend,D,ALRS,2022,h5
S4_Supertrend,D,ALRS,2023,h5
S4_Supertrend,D,ALRS,2024,h1
S4_Supertrend,D,ALRS,2025,h1
S5_PivotPoints,B,ALRS,2022,h1
S5_PivotPoints,B,ALRS,2023,h1
S5_PivotPoints,B,ALRS,2024,h1
S5_PivotPoints,B,ALRS,2025,h1
S5_PivotPoints,C,ALRS,2022,?
S5_PivotPoints,C,ALRS,2023,?
S5_PivotPoints,C,ALRS,2024,?
S5_PivotPoints,C,ALRS,2025,?
S5_PivotPoints,D,ALRS,2022,h1
S5_PivotPoints,D,ALRS,2023,h1
S5_PivotPoints,D,ALRS,2024,h1
S5_PivotPoints,D,ALRS,2025,h22
S6_VWAP,B,ALRS,2022,h1
S6_VWAP,B,ALRS,2023,h1
S6_VWAP,B,ALRS,2024,h1
S6_VWAP,B,ALRS,2025,h1
S6_VWAP,C,ALRS,2022,h5
S6_VWAP,C,ALRS,2023,h5
S6_VWAP,C,ALRS,2024,?
S6_VWAP,C,ALRS,2025,?
S6_VWAP,D,ALRS,2022,h1
S6_VWAP,D,ALRS,2023,h22
S6_VWAP,D,ALRS,2024,h1
S6_VWAP,D,ALRS,2025,h1
S1_MeanRev,B,MGNT,2022,h1
S1_MeanRev,B,MGNT,2023,h1
S1_MeanRev,B,MGNT,2024,h1
S1_MeanRev,B,MGNT,2025,h1
S1_MeanRev,C,MGNT,2022,h1
S1_MeanRev,C,MGNT,2023,h22
S1_MeanRev,C,MGNT,2024,h22
S1_MeanRev,C,MGNT,2025,?
S1_MeanRev,D,MGNT,2022,h1
S1_MeanRev,D,MGNT,2023,h1
S1_MeanRev,D,MGNT,2024,h22
S1_MeanRev,D,MGNT,2025,h5
S2_Bollinger,B,MGNT,2022,h1
S2_Bollinger,B,MGNT,2023,h1
S2_Bollinger,B,MGNT,2024,h22
S2_Bollinger,B,MGNT,2025,h1
S2_Bollinger,C,MGNT,2022,h1
S2_Bollinger,C,MGNT,2023,?
S2_Bollinger,C,MGNT,2024,h1
S2_Bollinger,C,MGNT,2025,?
S2_Bollinger,D,MGNT,2022,h1
S2_Bollinger,D,MGNT,2023,h1
S2_Bollinger,D,MGNT,2024,h22
S2_Bollinger,D,MGNT,2025,h5
S3_Donchian,B,MGNT,2022,h1
S3_Donchian,B,MGNT,2023,h1
S3_Donchian,B,MGNT,2024,h1
S3_Donchian,B,MGNT,2025,h1
S3_Donchian,C,MGNT,2022,h22
S3_Donchian,C,MGNT,2023,h22
S3_Donchian,C,MGNT,2024,h22
S3_Donchian,C,MGNT,2025,h1
S3_Donchian,D,MGNT,2022,h22
S3_Donchian,D,MGNT,2023,h22
S3_Donchian,D,MGNT,2024,h5
S3_Donchian,D,MGNT,2025,h5
S4_Supertrend,B,MGNT,2022,h22
S4_Supertrend,B,MGNT,2023,h1
S4_Supertrend,B,MGNT,2024,h22
S4_Supertrend,B,MGNT,2025,h22
S4_Supertrend,C,MGNT,2022,h22
S4_Supertrend,C,MGNT,2023,h1
S4_Supertrend,C,MGNT,2024,h1
S4_Supertrend,C,MGNT,2025,h1
S4_Supertrend,D,MGNT,2022,h5
S4_Supertrend,D,MGNT,2023,h5
S4_Supertrend,D,MGNT,2024,h5
S4_Supertrend,D,MGNT,2025,h5
S5_PivotPoints,B,MGNT,2022,h1
S5_PivotPoints,B,MGNT,2023,h1
S5_PivotPoints,B,MGNT,2024,h1
S5_PivotPoints,B,MGNT,2025,h1
S5_PivotPoints,C,MGNT,2022,?
S5_PivotPoints,C,MGNT,2023,?
S5_PivotPoints,C,MGNT,2024,?
S5_PivotPoints,C,MGNT,2025,?
S5_PivotPoints,D,MGNT,2022,h1
S5_PivotPoints,D,MGNT,2023,h1
S5_PivotPoints,D,MGNT,2024,h1
S5_PivotPoints,D,MGNT,2025,h1
S6_VWAP,B,MGNT,2022,h1
S6_VWAP,B,MGNT,2023,h1
S6_VWAP,B,MGNT,2024,h1
S6_VWAP,B,MGNT,2025,h1
S6_VWAP,C,MGNT,2022,?
S6_VWAP,C,MGNT,2023,?
S6_VWAP,C,MGNT,2024,?
S6_VWAP,C,MGNT,2025,?
S6_VWAP,D,MGNT,2022,h22
S6_VWAP,D,MGNT,2023,h22
S6_VWAP,D,MGNT,2024,h22
S6_VWAP,D,MGNT,2025,h1
S1_MeanRev,B,MOEX,2022,h22
S1_MeanRev,B,MOEX,2023,h5
S1_MeanRev,B,MOEX,2024,h22
S1_MeanRev,B,MOEX,2025,h5
S1_MeanRev,C,MOEX,2022,h1
S1_MeanRev,C,MOEX,2023,h22
S1_MeanRev,C,MOEX,2024,h5
S1_MeanRev,C,MOEX,2025,h22
S1_MeanRev,D,MOEX,2022,h1
S1_MeanRev,D,MOEX,2023,h22
S1_MeanRev,D,MOEX,2024,h22
S1_MeanRev,D,MOEX,2025,h5
S2_Bollinger,B,MOEX,2022,h22
S2_Bollinger,B,MOEX,2023,h22
S2_Bollinger,B,MOEX,2024,h22
S2_Bollinger,B,MOEX,2025,h22
S2_Bollinger,C,MOEX,2022,h5
S2_Bollinger,C,MOEX,2023,h1
S2_Bollinger,C,MOEX,2024,?
S2_Bollinger,C,MOEX,2025,h5
S2_Bollinger,D,MOEX,2022,h1
S2_Bollinger,D,MOEX,2023,h22
S2_Bollinger,D,MOEX,2024,h22
S2_Bollinger,D,MOEX,2025,h5
S3_Donchian,B,MOEX,2022,h1
S3_Donchian,B,MOEX,2023,h1
S3_Donchian,B,MOEX,2024,h1
S3_Donchian,B,MOEX,2025,h1
S3_Donchian,C,MOEX,2022,h5
S3_Donchian,C,MOEX,2023,h22
S3_Donchian,C,MOEX,2024,h22
S3_Donchian,C,MOEX,2025,h22
S3_Donchian,D,MOEX,2022,h1
S3_Donchian,D,MOEX,2023,h1
S3_Donchian,D,MOEX,2024,h1
S3_Donchian,D,MOEX,2025,h1
S4_Supertrend,B,MOEX,2022,h1
S4_Supertrend,B,MOEX,2023,h1
S4_Supertrend,B,MOEX,2024,h1
S4_Supertrend,B,MOEX,2025,h5
S4_Supertrend,C,MOEX,2022,h5
S4_Supertrend,C,MOEX,2023,h5
S4_Supertrend,C,MOEX,2024,h22
S4_Supertrend,C,MOEX,2025,h5
S4_Supertrend,D,MOEX,2022,h1
S4_Supertrend,D,MOEX,2023,h1
S4_Supertrend,D,MOEX,2024,h1
S4_Supertrend,D,MOEX,2025,h1
S5_PivotPoints,B,MOEX,2022,h1
S5_PivotPoints,B,MOEX,2023,h1
S5_PivotPoints,B,MOEX,2024,h5
S5_PivotPoints,B,MOEX,2025,h5
S5_PivotPoints,C,MOEX,2022,?
S5_PivotPoints,C,MOEX,2023,?
S5_PivotPoints,C,MOEX,2024,?
S5_PivotPoints,C,MOEX,2025,?
S5_PivotPoints,D,MOEX,2022,h1
S5_PivotPoints,D,MOEX,2023,h5
S5_PivotPoints,D,MOEX,2024,h1
S5_PivotPoints,D,MOEX,2025,h1
S6_VWAP,B,MOEX,2022,h1
S6_VWAP,B,MOEX,2023,h1
S6_VWAP,B,MOEX,2024,h1
S6_VWAP,B,MOEX,2025,h1
S6_VWAP,C,MOEX,2022,h1
S6_VWAP,C,MOEX,2023,h22
S6_VWAP,C,MOEX,2024,h5
S6_VWAP,C,MOEX,2025,h5
S6_VWAP,D,MOEX,2022,h22
S6_VWAP,D,MOEX,2023,h22
S6_VWAP,D,MOEX,2024,h22
S6_VWAP,D,MOEX,2025,h22
S1_MeanRev,B,LKOH,2022,h1
S1_MeanRev,B,LKOH,2023,h1
S1_MeanRev,B,LKOH,2024,h22
S1_MeanRev,B,LKOH,2025,h22
S1_MeanRev,C,LKOH,2022,h5
S1_MeanRev,C,LKOH,2023,h1
S1_MeanRev,C,LKOH,2024,h22
S1_MeanRev,C,LKOH,2025,h22
S1_MeanRev,D,LKOH,2022,h22
S1_MeanRev,D,LKOH,2023,h22
S1_MeanRev,D,LKOH,2024,h1
S1_MeanRev,D,LKOH,2025,h1
S2_Bollinger,B,LKOH,2022,h1
S2_Bollinger,B,LKOH,2023,h1
S2_Bollinger,B,LKOH,2024,h1
S2_Bollinger,B,LKOH,2025,h22
S2_Bollinger,C,LKOH,2022,h22
S2_Bollinger,C,LKOH,2023,?
S2_Bollinger,C,LKOH,2024,h5
S2_Bollinger,C,LKOH,2025,h22
S2_Bollinger,D,LKOH,2022,h5
S2_Bollinger,D,LKOH,2023,h1
S2_Bollinger,D,LKOH,2024,h5
S2_Bollinger,D,LKOH,2025,h5
S3_Donchian,B,LKOH,2022,h22
S3_Donchian,B,LKOH,2023,h22
S3_Donchian,B,LKOH,2024,h22
S3_Donchian,B,LKOH,2025,h1
S3_Donchian,C,LKOH,2022,h1
S3_Donchian,C,LKOH,2023,h1
S3_Donchian,C,LKOH,2024,h1
S3_Donchian,C,LKOH,2025,h1
S3_Donchian,D,LKOH,2022,h1
S3_Donchian,D,LKOH,2023,h1
S3_Donchian,D,LKOH,2024,h1
S3_Donchian,D,LKOH,2025,h1
S4_Supertrend,B,LKOH,2022,h5
S4_Supertrend,B,LKOH,2023,h22
S4_Supertrend,B,LKOH,2024,h22
S4_Supertrend,B,LKOH,2025,h22
S4_Supertrend,C,LKOH,2022,h1
S4_Supertrend,C,LKOH,2023,h5
S4_Supertrend,C,LKOH,2024,h1
S4_Supertrend,C,LKOH,2025,h5
S4_Supertrend,D,LKOH,2022,h22
S4_Supertrend,D,LKOH,2023,h1
S4_Supertrend,D,LKOH,2024,h5
S4_Supertrend,D,LKOH,2025,h1
S5_PivotPoints,B,LKOH,2022,h1
S5_PivotPoints,B,LKOH,2023,h1
S5_PivotPoints,B,LKOH,2024,h1
S5_PivotPoints,B,LKOH,2025,h1
S5_PivotPoints,C,LKOH,2022,?
S5_PivotPoints,C,LKOH,2023,?
S5_PivotPoints,C,LKOH,2024,?
S5_PivotPoints,C,LKOH,2025,?
S5_PivotPoints,D,LKOH,2022,h1
S5_PivotPoints,D,LKOH,2023,h1
S5_PivotPoints,D,LKOH,2024,h1
S5_PivotPoints,D,LKOH,2025,h1
S6_VWAP,B,LKOH,2022,h5
S6_VWAP,B,LKOH,2023,h5
S6_VWAP,B,LKOH,2024,h5
S6_VWAP,B,LKOH,2025,h5
S6_VWAP,C,LKOH,2022,h1
S6_VWAP,C,LKOH,2023,h5
S6_VWAP,C,LKOH,2024,h1
S6_VWAP,C,LKOH,2025,h1
S6_VWAP,D,LKOH,2022,h22
S6_VWAP,D,LKOH,2023,h22
S6_VWAP,D,LKOH,2024,h1
S6_VWAP,D,LKOH,2025,h5
S1_MeanRev,B,MTLR,2022,h1
S1_MeanRev,B,MTLR,2023,h22
S1_MeanRev,B,MTLR,2024,h1
S1_MeanRev,B,MTLR,2025,h1
S1_MeanRev,C,MTLR,2022,h1
S1_MeanRev,C,MTLR,2023,h22
S1_MeanRev,C,MTLR,2024,h5
S1_MeanRev,C,MTLR,2025,h5
S1_MeanRev,D,MTLR,2022,h1
S1_MeanRev,D,MTLR,2023,h22
S1_MeanRev,D,MTLR,2024,h1
S1_MeanRev,D,MTLR,2025,h1
S2_Bollinger,B,MTLR,2022,h1
S2_Bollinger,B,MTLR,2023,h22
S2_Bollinger,B,MTLR,2024,h22
S2_Bollinger,B,MTLR,2025,h5
S2_Bollinger,C,MTLR,2022,h5
S2_Bollinger,C,MTLR,2023,h22
S2_Bollinger,C,MTLR,2024,h22
S2_Bollinger,C,MTLR,2025,h22
S2_Bollinger,D,MTLR,2022,h1
S2_Bollinger,D,MTLR,2023,h22
S2_Bollinger,D,MTLR,2024,h1
S2_Bollinger,D,MTLR,2025,h1
S3_Donchian,B,MTLR,2022,h22
S3_Donchian,B,MTLR,2023,h5
S3_Donchian,B,MTLR,2024,h5
S3_Donchian,B,MTLR,2025,h5
S3_Donchian,C,MTLR,2023,h5
S3_Donchian,C,MTLR,2024,h1
S3_Donchian,C,MTLR,2025,h1
S3_Donchian,D,MTLR,2022,h1
S3_Donchian,D,MTLR,2023,h1
S3_Donchian,D,MTLR,2024,h1
S3_Donchian,D,MTLR,2025,h22
S4_Supertrend,B,MTLR,2022,h1
S4_Supertrend,B,MTLR,2023,h1
S4_Supertrend,B,MTLR,2024,h22
S4_Supertrend,B,MTLR,2025,h22
S4_Supertrend,C,MTLR,2024,h1
S4_Supertrend,C,MTLR,2025,h1
S4_Supertrend,D,MTLR,2022,h1
S4_Supertrend,D,MTLR,2023,h1
S4_Supertrend,D,MTLR,2024,h1
S4_Supertrend,D,MTLR,2025,h1
S5_PivotPoints,B,MTLR,2022,h1
S5_PivotPoints,B,MTLR,2023,h1
S5_PivotPoints,B,MTLR,2024,h1
S5_PivotPoints,B,MTLR,2025,h1
S5_PivotPoints,C,MTLR,2022,?
S5_PivotPoints,C,MTLR,2023,?
S5_PivotPoints,C,MTLR,2024,?
S5_PivotPoints,C,MTLR,2025,?
S5_PivotPoints,D,MTLR,2022,h5
S5_PivotPoints,D,MTLR,2023,h5
S5_PivotPoints,D,MTLR,2024,h5
S5_PivotPoints,D,MTLR,2025,h5
S6_VWAP,B,MTLR,2022,h1
S6_VWAP,B,MTLR,2023,h1
S6_VWAP,B,MTLR,2024,h1
S6_VWAP,B,MTLR,2025,h22
S6_VWAP,C,MTLR,2022,?
S6_VWAP,C,MTLR,2023,?
S6_VWAP,C,MTLR,2024,?
S6_VWAP,C,MTLR,2025,?
S6_VWAP,D,MTLR,2022,h1
S6_VWAP,D,MTLR,2023,h5
S6_VWAP,D,MTLR,2024,h5
S6_VWAP,D,MTLR,2025,h1
S1_MeanRev,B,OGKB,2022,h1
S1_MeanRev,B,OGKB,2023,h1
S1_MeanRev,B,OGKB,2024,h1
S1_MeanRev,B,OGKB,2025,h1
S1_MeanRev,C,OGKB,2022,h5
S1_MeanRev,C,OGKB,2023,h5
S1_MeanRev,C,OGKB,2024,?
S1_MeanRev,C,OGKB,2025,?
S1_MeanRev,D,OGKB,2022,h1
S1_MeanRev,D,OGKB,2023,h1
S1_MeanRev,D,OGKB,2024,h1
S1_MeanRev,D,OGKB,2025,h1
S2_Bollinger,B,OGKB,2022,h1
S2_Bollinger,B,OGKB,2023,h1
S2_Bollinger,B,OGKB,2024,h1
S2_Bollinger,B,OGKB,2025,h22
S2_Bollinger,C,OGKB,2022,h5
S2_Bollinger,C,OGKB,2023,h5
S2_Bollinger,C,OGKB,2024,?
S2_Bollinger,C,OGKB,2025,?
S2_Bollinger,D,OGKB,2022,h1
S2_Bollinger,D,OGKB,2023,h1
S2_Bollinger,D,OGKB,2024,h1
S2_Bollinger,D,OGKB,2025,h1
S3_Donchian,B,OGKB,2022,h1
S3_Donchian,B,OGKB,2023,h1
S3_Donchian,B,OGKB,2024,h1
S3_Donchian,B,OGKB,2025,h1
S3_Donchian,C,OGKB,2022,h22
S3_Donchian,C,OGKB,2023,h5
S3_Donchian,C,OGKB,2024,h1
S3_Donchian,C,OGKB,2025,h1
S3_Donchian,D,OGKB,2022,h5
S3_Donchian,D,OGKB,2023,h5
S3_Donchian,D,OGKB,2024,h1
S3_Donchian,D,OGKB,2025,h1
S4_Supertrend,B,OGKB,2022,h1
S4_Supertrend,B,OGKB,2023,h1
S4_Supertrend,B,OGKB,2024,h1
S4_Supertrend,B,OGKB,2025,h1
S4_Supertrend,C,OGKB,2022,h1
S4_Supertrend,C,OGKB,2023,h22
S4_Supertrend,C,OGKB,2024,h1
S4_Supertrend,C,OGKB,2025,h1
S4_Supertrend,D,OGKB,2022,h22
S4_Supertrend,D,OGKB,2023,h22
S4_Supertrend,D,OGKB,2024,h1
S4_Supertrend,D,OGKB,2025,h1
S5_PivotPoints,B,OGKB,2022,h5
S5_PivotPoints,B,OGKB,2023,h5
S5_PivotPoints,B,OGKB,2024,h5
S5_PivotPoints,B,OGKB,2025,h5
S5_PivotPoints,C,OGKB,2022,?
S5_PivotPoints,C,OGKB,2023,?
S5_PivotPoints,C,OGKB,2024,?
S5_PivotPoints,C,OGKB,2025,?
S5_PivotPoints,D,OGKB,2022,h1
S5_PivotPoints,D,OGKB,2023,h1
S5_PivotPoints,D,OGKB,2024,h1
S5_PivotPoints,D,OGKB,2025,h1
S6_VWAP,B,OGKB,2022,h22
S6_VWAP,B,OGKB,2023,h1
S6_VWAP,B,OGKB,2024,h1
S6_VWAP,B,OGKB,2025,h5
S6_VWAP,C,OGKB,2022,h1
S6_VWAP,C,OGKB,2023,h1
S6_VWAP,C,OGKB,2024,h1
S6_VWAP,C,OGKB,2025,h1
S6_VWAP,D,OGKB,2022,h22
S6_VWAP,D,OGKB,2023,h22
S6_VWAP,D,OGKB,2024,h22
S6_VWAP,D,OGKB,2025,h22
S1_MeanRev,B,MTSS,2022,h1
S1_MeanRev,B,MTSS,2023,h1
S1_MeanRev,B,MTSS,2024,h1
S1_MeanRev,B,MTSS,2025,h1
S1_MeanRev,C,MTSS,2022,?
S1_MeanRev,C,MTSS,2023,?
S1_MeanRev,C,MTSS,2024,?
S1_MeanRev,C,MTSS,2025,?
S1_MeanRev,D,MTSS,2022,h1
S1_MeanRev,D,MTSS,2023,h1
S1_MeanRev,D,MTSS,2024,h1
S1_MeanRev,D,MTSS,2025,h5
S2_Bollinger,B,MTSS,2022,h1
S2_Bollinger,B,MTSS,2023,h1
S2_Bollinger,B,MTSS,2024,h1
S2_Bollinger,B,MTSS,2025,h1
S2_Bollinger,C,MTSS,2022,?
S2_Bollinger,C,MTSS,2023,?
S2_Bollinger,C,MTSS,2024,?
S2_Bollinger,C,MTSS,2025,?
S2_Bollinger,D,MTSS,2022,h1
S2_Bollinger,D,MTSS,2023,h1
S2_Bollinger,D,MTSS,2024,h1
S2_Bollinger,D,MTSS,2025,h5
S3_Donchian,B,MTSS,2022,h5
S3_Donchian,B,MTSS,2023,h5
S3_Donchian,B,MTSS,2024,h5
S3_Donchian,B,MTSS,2025,h5
S3_Donchian,C,MTSS,2022,h1
S3_Donchian,C,MTSS,2023,h22
S3_Donchian,C,MTSS,2024,h22
S3_Donchian,C,MTSS,2025,h22
S3_Donchian,D,MTSS,2022,h22
S3_Donchian,D,MTSS,2023,h22
S3_Donchian,D,MTSS,2024,h1
S3_Donchian,D,MTSS,2025,h1
S4_Supertrend,B,MTSS,2022,h1
S4_Supertrend,B,MTSS,2023,h1
S4_Supertrend,B,MTSS,2024,h5
S4_Supertrend,B,MTSS,2025,h22
S4_Supertrend,C,MTSS,2022,h1
S4_Supertrend,C,MTSS,2023,h1
S4_Supertrend,C,MTSS,2024,h5
S4_Supertrend,C,MTSS,2025,h1
S4_Supertrend,D,MTSS,2022,h22
S4_Supertrend,D,MTSS,2023,h22
S4_Supertrend,D,MTSS,2024,h5
S4_Supertrend,D,MTSS,2025,h5
S5_PivotPoints,B,MTSS,2022,h1
S5_PivotPoints,B,MTSS,2023,h1
S5_PivotPoints,B,MTSS,2024,h1
S5_PivotPoints,B,MTSS,2025,h1
S5_PivotPoints,C,MTSS,2022,?
S5_PivotPoints,C,MTSS,2023,?
S5_PivotPoints,C,MTSS,2024,?
S5_PivotPoints,C,MTSS,2025,?
S5_PivotPoints,D,MTSS,2022,h1
S5_PivotPoints,D,MTSS,2023,h1
S5_PivotPoints,D,MTSS,2024,h1
S5_PivotPoints,D,MTSS,2025,h1
S6_VWAP,B,MTSS,2022,h5
S6_VWAP,B,MTSS,2023,h1
S6_VWAP,B,MTSS,2024,h1
S6_VWAP,B,MTSS,2025,h1
S6_VWAP,C,MTSS,2022,h22
S6_VWAP,C,MTSS,2023,h5
S6_VWAP,C,MTSS,2024,h5
S6_VWAP,C,MTSS,2025,h22
S6_VWAP,D,MTSS,2022,h22
S6_VWAP,D,MTSS,2023,h22
S6_VWAP,D,MTSS,2024,h22
S6_VWAP,D,MTSS,2025,h22
S1_MeanRev,B,RTKM,2022,h1
S1_MeanRev,B,RTKM,2023,h22
S1_MeanRev,B,RTKM,2024,h22
S1_MeanRev,B,RTKM,2025,h22
S1_MeanRev,C,RTKM,2022,h1
S1_MeanRev,C,RTKM,2023,h1
S1_MeanRev,C,RTKM,2024,h5
S1_MeanRev,C,RTKM,2025,h5
S1_MeanRev,D,RTKM,2022,h1
S1_MeanRev,D,RTKM,2023,h1
S1_MeanRev,D,RTKM,2024,h5
S1_MeanRev,D,RTKM,2025,h1
S2_Bollinger,B,RTKM,2022,h22
S2_Bollinger,B,RTKM,2023,h22
S2_Bollinger,B,RTKM,2024,h1
S2_Bollinger,B,RTKM,2025,h1
S2_Bollinger,C,RTKM,2022,h1
S2_Bollinger,C,RTKM,2023,h5
S2_Bollinger,C,RTKM,2024,h22
S2_Bollinger,C,RTKM,2025,h5
S2_Bollinger,D,RTKM,2022,h5
S2_Bollinger,D,RTKM,2023,h1
S2_Bollinger,D,RTKM,2024,h5
S2_Bollinger,D,RTKM,2025,h1
S3_Donchian,B,RTKM,2022,h22
S3_Donchian,B,RTKM,2023,h22
S3_Donchian,B,RTKM,2024,h5
S3_Donchian,B,RTKM,2025,h22
S3_Donchian,C,RTKM,2022,h1
S3_Donchian,C,RTKM,2023,h1
S3_Donchian,C,RTKM,2024,h1
S3_Donchian,C,RTKM,2025,h22
S3_Donchian,D,RTKM,2022,h5
S3_Donchian,D,RTKM,2023,h5
S3_Donchian,D,RTKM,2024,h5
S3_Donchian,D,RTKM,2025,h5
S4_Supertrend,B,RTKM,2022,h1
S4_Supertrend,B,RTKM,2023,h1
S4_Supertrend,B,RTKM,2024,h5
S4_Supertrend,B,RTKM,2025,h5
S4_Supertrend,C,RTKM,2022,h22
S4_Supertrend,C,RTKM,2023,h1
S4_Supertrend,C,RTKM,2024,h5
S4_Supertrend,C,RTKM,2025,h1
S4_Supertrend,D,RTKM,2022,h5
S4_Supertrend,D,RTKM,2023,h1
S4_Supertrend,D,RTKM,2024,h1
S4_Supertrend,D,RTKM,2025,h5
S5_PivotPoints,B,RTKM,2022,h1
S5_PivotPoints,B,RTKM,2023,h1
S5_PivotPoints,B,RTKM,2024,h1
S5_PivotPoints,B,RTKM,2025,h1
S5_PivotPoints,C,RTKM,2022,h22
S5_PivotPoints,C,RTKM,2023,?
S5_PivotPoints,C,RTKM,2024,?
S5_PivotPoints,C,RTKM,2025,?
S5_PivotPoints,D,RTKM,2022,h1
S5_PivotPoints,D,RTKM,2023,h1
S5_PivotPoints,D,RTKM,2024,h1
S5_PivotPoints,D,RTKM,2025,h1
S6_VWAP,B,RTKM,2022,h1
S6_VWAP,B,RTKM,2023,h1
S6_VWAP,B,RTKM,2024,h1
S6_VWAP,B,RTKM,2025,h1
S6_VWAP,C,RTKM,2022,h1
S6_VWAP,C,RTKM,2023,h1
S6_VWAP,C,RTKM,2024,?
S6_VWAP,C,RTKM,2025,?
S6_VWAP,D,RTKM,2022,h1
S6_VWAP,D,RTKM,2023,h1
S6_VWAP,D,RTKM,2024,h1
S6_VWAP,D,RTKM,2025,h1
S1_MeanRev,B,SBER,2022,h1
S1_MeanRev,B,SBER,2023,h1
S1_MeanRev,B,SBER,2024,h1
S1_MeanRev,B,SBER,2025,h1
S1_MeanRev,C,SBER,2022,h1
S1_MeanRev,C,SBER,2023,?
S1_MeanRev,C,SBER,2024,?
S1_MeanRev,C,SBER,2025,?
S1_MeanRev,D,SBER,2022,h1
S1_MeanRev,D,SBER,2023,h1
S1_MeanRev,D,SBER,2024,h1
S1_MeanRev,D,SBER,2025,h1
S2_Bollinger,B,SBER,2022,h1
S2_Bollinger,B,SBER,2023,h1
S2_Bollinger,B,SBER,2024,h1
S2_Bollinger,B,SBER,2025,h1
S2_Bollinger,C,SBER,2022,h5
S2_Bollinger,C,SBER,2023,?
S2_Bollinger,C,SBER,2024,?
S2_Bollinger,C,SBER,2025,?
S2_Bollinger,D,SBER,2022,h1
S2_Bollinger,D,SBER,2023,h1
S2_Bollinger,D,SBER,2024,h1
S2_Bollinger,D,SBER,2025,h1
S3_Donchian,B,SBER,2022,h5
S3_Donchian,B,SBER,2023,h5
S3_Donchian,B,SBER,2024,h22
S3_Donchian,B,SBER,2025,h1
S3_Donchian,C,SBER,2022,h5
S3_Donchian,C,SBER,2023,h5
S3_Donchian,C,SBER,2024,h5
S3_Donchian,C,SBER,2025,h5
S3_Donchian,D,SBER,2022,h5
S3_Donchian,D,SBER,2023,h5
S3_Donchian,D,SBER,2024,h5
S3_Donchian,D,SBER,2025,h22
S4_Supertrend,B,SBER,2022,h1
S4_Supertrend,B,SBER,2023,h22
S4_Supertrend,B,SBER,2024,h22
S4_Supertrend,B,SBER,2025,h1
S4_Supertrend,C,SBER,2022,h1
S4_Supertrend,C,SBER,2023,h5
S4_Supertrend,C,SBER,2024,h22
S4_Supertrend,C,SBER,2025,h1
S4_Supertrend,D,SBER,2022,h5
S4_Supertrend,D,SBER,2023,h1
S4_Supertrend,D,SBER,2024,h1
S4_Supertrend,D,SBER,2025,h5
S5_PivotPoints,B,SBER,2022,h5
S5_PivotPoints,B,SBER,2023,h5
S5_PivotPoints,B,SBER,2024,h1
S5_PivotPoints,B,SBER,2025,h1
S5_PivotPoints,C,SBER,2022,h1
S5_PivotPoints,C,SBER,2023,?
S5_PivotPoints,C,SBER,2024,?
S5_PivotPoints,C,SBER,2025,?
S5_PivotPoints,D,SBER,2022,h5
S5_PivotPoints,D,SBER,2023,h1
S5_PivotPoints,D,SBER,2024,h1
S5_PivotPoints,D,SBER,2025,h1
S6_VWAP,B,SBER,2022,h1
S6_VWAP,B,SBER,2023,h1
S6_VWAP,B,SBER,2024,h1
S6_VWAP,B,SBER,2025,h1
S6_VWAP,C,SBER,2022,h1
S6_VWAP,C,SBER,2023,?
S6_VWAP,C,SBER,2024,?
S6_VWAP,C,SBER,2025,?
S6_VWAP,D,SBER,2022,h5
S6_VWAP,D,SBER,2023,h1
S6_VWAP,D,SBER,2024,h1
S6_VWAP,D,SBER,2025,h1
S1_MeanRev,B,NVTK,2022,h1
S1_MeanRev,B,NVTK,2023,h1
S1_MeanRev,B,NVTK,2024,h1
S1_MeanRev,B,NVTK,2025,h1
S1_MeanRev,C,NVTK,2022,h1
S1_MeanRev,C,NVTK,2023,h5
S1_MeanRev,C,NVTK,2024,h22
S1_MeanRev,C,NVTK,2025,h1
S1_MeanRev,D,NVTK,2022,h5
S1_MeanRev,D,NVTK,2023,h5
S1_MeanRev,D,NVTK,2024,h5
S1_MeanRev,D,NVTK,2025,h5
S2_Bollinger,B,NVTK,2022,h1
S2_Bollinger,B,NVTK,2023,h1
S2_Bollinger,B,NVTK,2024,h1
S2_Bollinger,B,NVTK,2025,h1
S2_Bollinger,C,NVTK,2022,h22
S2_Bollinger,C,NVTK,2023,h22
S2_Bollinger,C,NVTK,2024,h1
S2_Bollinger,C,NVTK,2025,h1
S2_Bollinger,D,NVTK,2022,h5
S2_Bollinger,D,NVTK,2023,h5
S2_Bollinger,D,NVTK,2024,h5
S2_Bollinger,D,NVTK,2025,h5
S3_Donchian,B,NVTK,2022,h22
S3_Donchian,B,NVTK,2023,h1
S3_Donchian,B,NVTK,2024,h22
S3_Donchian,B,NVTK,2025,h1
S3_Donchian,C,NVTK,2022,h22
S3_Donchian,C,NVTK,2023,h1
S3_Donchian,C,NVTK,2024,h5
S3_Donchian,C,NVTK,2025,h22
S3_Donchian,D,NVTK,2022,h1
S3_Donchian,D,NVTK,2023,h1
S3_Donchian,D,NVTK,2024,h1
S3_Donchian,D,NVTK,2025,h22
S4_Supertrend,B,NVTK,2022,h1
S4_Supertrend,B,NVTK,2023,h1
S4_Supertrend,B,NVTK,2024,h5
S4_Supertrend,B,NVTK,2025,h1
S4_Supertrend,C,NVTK,2022,h1
S4_Supertrend,C,NVTK,2023,h5
S4_Supertrend,C,NVTK,2024,h1
S4_Supertrend,C,NVTK,2025,h22
S4_Supertrend,D,NVTK,2022,h22
S4_Supertrend,D,NVTK,2023,h22
S4_Supertrend,D,NVTK,2024,h22
S4_Supertrend,D,NVTK,2025,h1
S5_PivotPoints,B,NVTK,2022,h1
S5_PivotPoints,B,NVTK,2023,h1
S5_PivotPoints,B,NVTK,2024,h5
S5_PivotPoints,B,NVTK,2025,h22
S5_PivotPoints,C,NVTK,2022,h1
S5_PivotPoints,C,NVTK,2023,h5
S5_PivotPoints,C,NVTK,2024,h1
S5_PivotPoints,C,NVTK,2025,?
S5_PivotPoints,D,NVTK,2022,h1
S5_PivotPoints,D,NVTK,2023,h1
S5_PivotPoints,D,NVTK,2024,h1
S5_PivotPoints,D,NVTK,2025,h1
S6_VWAP,B,NVTK,2022,h1
S6_VWAP,B,NVTK,2023,h1
S6_VWAP,B,NVTK,2024,h22
S6_VWAP,B,NVTK,2025,h1
S6_VWAP,C,NVTK,2022,?
S6_VWAP,C,NVTK,2023,?
S6_VWAP,C,NVTK,2024,?
S6_VWAP,C,NVTK,2025,h5
S6_VWAP,D,NVTK,2022,h1
S6_VWAP,D,NVTK,2023,h1
S6_VWAP,D,NVTK,2024,h1
S6_VWAP,D,NVTK,2025,h5
S1_MeanRev,B,PHOR,2022,h1
S1_MeanRev,B,PHOR,2023,h1
S1_MeanRev,B,PHOR,2024,h1
S1_MeanRev,B,PHOR,2025,h1
S1_MeanRev,C,PHOR,2022,?
S1_MeanRev,C,PHOR,2023,?
S1_MeanRev,C,PHOR,2024,?
S1_MeanRev,C,PHOR,2025,h5
S1_MeanRev,D,PHOR,2022,h1
S1_MeanRev,D,PHOR,2023,h1
S1_MeanRev,D,PHOR,2024,h1
S1_MeanRev,D,PHOR,2025,h5
S2_Bollinger,B,PHOR,2022,h1
S2_Bollinger,B,PHOR,2023,h1
S2_Bollinger,B,PHOR,2024,h1
S2_Bollinger,B,PHOR,2025,h1
S2_Bollinger,C,PHOR,2022,?
S2_Bollinger,C,PHOR,2023,?
S2_Bollinger,C,PHOR,2024,?
S2_Bollinger,C,PHOR,2025,h5
S2_Bollinger,D,PHOR,2022,h1
S2_Bollinger,D,PHOR,2023,h1
S2_Bollinger,D,PHOR,2024,h1
S2_Bollinger,D,PHOR,2025,h5
S3_Donchian,B,PHOR,2022,h5
S3_Donchian,B,PHOR,2023,h22
S3_Donchian,B,PHOR,2024,h22
S3_Donchian,B,PHOR,2025,h22
S3_Donchian,C,PHOR,2022,h5
S3_Donchian,C,PHOR,2023,h22
S3_Donchian,C,PHOR,2024,h1
S3_Donchian,C,PHOR,2025,h1
S3_Donchian,D,PHOR,2022,h1
S3_Donchian,D,PHOR,2023,h1
S3_Donchian,D,PHOR,2024,h1
S3_Donchian,D,PHOR,2025,h1
S4_Supertrend,B,PHOR,2022,h5
S4_Supertrend,B,PHOR,2023,h5
S4_Supertrend,B,PHOR,2024,h5
S4_Supertrend,B,PHOR,2025,h22
S4_Supertrend,C,PHOR,2022,h22
S4_Supertrend,C,PHOR,2023,h1
S4_Supertrend,C,PHOR,2025,h22
S4_Supertrend,D,PHOR,2022,h1
S4_Supertrend,D,PHOR,2023,h1
S4_Supertrend,D,PHOR,2024,h1
S4_Supertrend,D,PHOR,2025,h22
S5_PivotPoints,B,PHOR,2022,h1
S5_PivotPoints,B,PHOR,2023,h1
S5_PivotPoints,B,PHOR,2024,h1
S5_PivotPoints,B,PHOR,2025,h1
S5_PivotPoints,C,PHOR,2022,h5
S5_PivotPoints,C,PHOR,2023,?
S5_PivotPoints,C,PHOR,2024,h22
S5_PivotPoints,C,PHOR,2025,h22
S5_PivotPoints,D,PHOR,2022,h1
S5_PivotPoints,D,PHOR,2023,h1
S5_PivotPoints,D,PHOR,2024,h1
S5_PivotPoints,D,PHOR,2025,h1
S6_VWAP,B,PHOR,2022,h1
S6_VWAP,B,PHOR,2023,h1
S6_VWAP,B,PHOR,2024,h1
S6_VWAP,B,PHOR,2025,h1
S6_VWAP,C,PHOR,2022,?
S6_VWAP,C,PHOR,2023,h1
S6_VWAP,C,PHOR,2024,?
S6_VWAP,C,PHOR,2025,h5
S6_VWAP,D,PHOR,2022,h1
S6_VWAP,D,PHOR,2023,h5
S6_VWAP,D,PHOR,2024,h1
S6_VWAP,D,PHOR,2025,h1
S1_MeanRev,B,VTBR,2022,h1
S1_MeanRev,B,VTBR,2023,h22
S1_MeanRev,B,VTBR,2024,h1
S1_MeanRev,B,VTBR,2025,h1
S1_MeanRev,C,VTBR,2022,h1
S1_MeanRev,C,VTBR,2023,h22
S1_MeanRev,C,VTBR,2024,h5
S1_MeanRev,C,VTBR,2025,?
S1_MeanRev,D,VTBR,2022,h22
S1_MeanRev,D,VTBR,2023,h5
S1_MeanRev,D,VTBR,2024,h22
S1_MeanRev,D,VTBR,2025,h1
S2_Bollinger,B,VTBR,2022,h1
S2_Bollinger,B,VTBR,2023,h1
S2_Bollinger,B,VTBR,2024,h1
S2_Bollinger,B,VTBR,2025,h1
S2_Bollinger,C,VTBR,2022,?
S2_Bollinger,C,VTBR,2023,?
S2_Bollinger,C,VTBR,2024,?
S2_Bollinger,C,VTBR,2025,?
S2_Bollinger,D,VTBR,2022,h1
S2_Bollinger,D,VTBR,2023,h1
S2_Bollinger,D,VTBR,2024,h1
S2_Bollinger,D,VTBR,2025,h1
S3_Donchian,B,VTBR,2022,h1
S3_Donchian,B,VTBR,2023,h1
S3_Donchian,B,VTBR,2024,h1
S3_Donchian,B,VTBR,2025,h1
S3_Donchian,C,VTBR,2022,h22
S3_Donchian,C,VTBR,2023,h5
S3_Donchian,C,VTBR,2024,h22
S3_Donchian,C,VTBR,2025,h5
S3_Donchian,D,VTBR,2022,h5
S3_Donchian,D,VTBR,2023,h5
S3_Donchian,D,VTBR,2024,h22
S3_Donchian,D,VTBR,2025,h22
S4_Supertrend,B,VTBR,2022,h1
S4_Supertrend,B,VTBR,2023,h1
S4_Supertrend,B,VTBR,2024,h1
S4_Supertrend,B,VTBR,2025,h5
S4_Supertrend,C,VTBR,2022,h22
S4_Supertrend,C,VTBR,2023,h22
S4_Supertrend,C,VTBR,2024,h22
S4_Supertrend,C,VTBR,2025,h5
S4_Supertrend,D,VTBR,2022,h5
S4_Supertrend,D,VTBR,2023,h5
S4_Supertrend,D,VTBR,2024,h5
S4_Supertrend,D,VTBR,2025,h5
S5_PivotPoints,B,VTBR,2022,h1
S5_PivotPoints,B,VTBR,2023,h1
S5_PivotPoints,B,VTBR,2024,h1
S5_PivotPoints,B,VTBR,2025,h1
S5_PivotPoints,C,VTBR,2022,h1
S5_PivotPoints,C,VTBR,2023,?
S5_PivotPoints,C,VTBR,2024,?
S5_PivotPoints,C,VTBR,2025,?
S5_PivotPoints,D,VTBR,2022,h1
S5_PivotPoints,D,VTBR,2023,h1
S5_PivotPoints,D,VTBR,2024,h1
S5_PivotPoints,D,VTBR,2025,h1
S6_VWAP,B,VTBR,2022,h1
S6_VWAP,B,VTBR,2023,h1
S6_VWAP,B,VTBR,2024,h1
S6_VWAP,B,VTBR,2025,h1
S6_VWAP,C,VTBR,2022,?
S6_VWAP,C,VTBR,2023,h22
S6_VWAP,C,VTBR,2024,h1
S6_VWAP,C,VTBR,2025,?
S6_VWAP,D,VTBR,2022,h1
S6_VWAP,D,VTBR,2023,h5
S6_VWAP,D,VTBR,2024,h22
S6_VWAP,D,VTBR,2025,h1
S1_MeanRev,B,TATN,2022,h1
S1_MeanRev,B,TATN,2023,h1
S1_MeanRev,B,TATN,2024,h22
S1_MeanRev,B,TATN,2025,h1
S1_MeanRev,C,TATN,2022,h22
S1_MeanRev,C,TATN,2023,h22
S1_MeanRev,C,TATN,2024,h22
S1_MeanRev,C,TATN,2025,h22
S1_MeanRev,D,TATN,2022,h5
S1_MeanRev,D,TATN,2023,h1
S1_MeanRev,D,TATN,2024,h5
S1_MeanRev,D,TATN,2025,h1
S2_Bollinger,B,TATN,2022,h1
S2_Bollinger,B,TATN,2023,h22
S2_Bollinger,B,TATN,2024,h1
S2_Bollinger,B,TATN,2025,h1
S2_Bollinger,C,TATN,2022,h22
S2_Bollinger,C,TATN,2023,h22
S2_Bollinger,C,TATN,2024,h22
S2_Bollinger,C,TATN,2025,h22
S2_Bollinger,D,TATN,2022,h1
S2_Bollinger,D,TATN,2023,h22
S2_Bollinger,D,TATN,2024,h1
S2_Bollinger,D,TATN,2025,h5
S3_Donchian,B,TATN,2022,h1
S3_Donchian,B,TATN,2023,h1
S3_Donchian,B,TATN,2024,h1
S3_Donchian,B,TATN,2025,h1
S3_Donchian,C,TATN,2022,h1
S3_Donchian,C,TATN,2023,h5
S3_Donchian,C,TATN,2024,h1
S3_Donchian,C,TATN,2025,h1
S3_Donchian,D,TATN,2022,h1
S3_Donchian,D,TATN,2023,h22
S3_Donchian,D,TATN,2024,h1
S3_Donchian,D,TATN,2025,h1
S4_Supertrend,B,TATN,2022,h1
S4_Supertrend,B,TATN,2023,h22
S4_Supertrend,B,TATN,2024,h5
S4_Supertrend,B,TATN,2025,h22
S4_Supertrend,C,TATN,2022,h1
S4_Supertrend,C,TATN,2024,h1
S4_Supertrend,C,TATN,2025,h1
S4_Supertrend,D,TATN,2022,h5
S4_Supertrend,D,TATN,2023,h5
S4_Supertrend,D,TATN,2024,h1
S4_Supertrend,D,TATN,2025,h1
S5_PivotPoints,B,TATN,2022,h1
S5_PivotPoints,B,TATN,2023,h22
S5_PivotPoints,B,TATN,2024,h1
S5_PivotPoints,B,TATN,2025,h22
S5_PivotPoints,C,TATN,2022,h1
S5_PivotPoints,C,TATN,2023,h5
S5_PivotPoints,C,TATN,2024,h5
S5_PivotPoints,C,TATN,2025,h1
S5_PivotPoints,D,TATN,2022,h5
S5_PivotPoints,D,TATN,2023,h1
S5_PivotPoints,D,TATN,2024,h5
S5_PivotPoints,D,TATN,2025,h5
S6_VWAP,B,TATN,2022,h1
S6_VWAP,B,TATN,2023,h1
S6_VWAP,B,TATN,2024,h1
S6_VWAP,B,TATN,2025,h1
S6_VWAP,C,TATN,2022,h22
S6_VWAP,C,TATN,2023,h1
S6_VWAP,C,TATN,2024,h5
S6_VWAP,C,TATN,2025,h5
S6_VWAP,D,TATN,2022,h5
S6_VWAP,D,TATN,2023,h22
S6_VWAP,D,TATN,2024,h5
S6_VWAP,D,TATN,2025,h5
