strategy,timeframe,category,ticker,sharpe,ann_return_pct,ann_vol_pct,max_dd_pct,calmar,win_rate_pct,profit_factor,payoff_ratio,exposure_pct,turnover,avg_trade_bars,n_trades
S1_MeanRev,daily,Contrarian,AFLT,0.5885,6.01,10.22,-15.03,0.4002,57.8,1.411,1.028,8.93,12.4,3.6,28
S1_MeanRev,daily,Contrarian,ALRS,0.4152,3.46,8.34,-15.69,0.2206,55.1,1.28,1.012,6.83,5.7,6.0,13
S1_MeanRev,daily,Contrarian,HYDR,-0.2366,-1.08,4.58,-14.84,-0.073,53.5,0.799,0.66,3.77,5.5,3.3,13
S1_MeanRev,daily,Contrarian,IRAO,-0.0225,-0.24,10.78,-21.59,-0.0113,48.2,0.988,1.063,12.02,11.5,5.3,26
S1_MeanRev,daily,Contrarian,LKOH,0.0982,0.46,4.69,-7.57,0.0608,48.8,1.066,1.092,7.36,6.4,5.6,15
S1_MeanRev,daily,Contrarian,LSRG,0.7726,6.36,8.23,-9.34,0.6808,58.0,1.77,1.239,6.1,6.9,4.3,16
S1_MeanRev,daily,Contrarian,MGNT,-0.2061,-2.56,12.42,-41.26,-0.062,52.9,0.912,0.775,16.55,16.8,5.0,38
S1_MeanRev,daily,Contrarian,MOEX,0.0935,0.71,7.59,-10.27,0.0691,44.0,1.061,1.32,7.36,7.1,5.2,16
S1_MeanRev,daily,Contrarian,MTLR,0.2723,3.79,13.94,-25.54,0.1485,52.5,1.193,1.055,8.68,8.4,5.2,19
S1_MeanRev,daily,Contrarian,MTSS,-1.0685,-6.71,6.28,-31.79,-0.2112,41.9,0.407,0.564,5.43,6.6,4.1,15
S1_MeanRev,daily,Contrarian,NVTK,-0.6111,-13.34,21.84,-81.53,-0.1637,44.0,0.728,0.912,18.98,12.2,8.0,27
S1_MeanRev,daily,Contrarian,OGKB,-0.8624,-10.65,12.35,-51.23,-0.2078,44.0,0.492,0.612,6.6,6.9,4.7,16
S1_MeanRev,daily,Contrarian,PHOR,0.3057,2.09,6.84,-6.9,0.3032,52.6,1.194,1.055,10.0,9.3,5.4,21
S1_MeanRev,daily,Contrarian,RTKM,0.4312,4.56,10.58,-14.95,0.3052,59.3,1.287,0.884,9.89,8.4,5.9,19
S1_MeanRev,daily,Contrarian,SBER,-0.9209,-7.33,7.96,-35.41,-0.2069,43.4,0.549,0.716,9.28,10.2,4.6,23
S1_MeanRev,daily,Contrarian,TATN,-0.4911,-5.94,12.1,-65.41,-0.0908,46.6,0.83,0.943,22.02,12.4,9.0,28
S1_MeanRev,daily,Contrarian,VTBR,0.2861,2.13,7.43,-14.74,0.1442,57.1,1.191,0.87,8.0,7.1,5.7,16
S1_MeanRev,hourly,Contrarian,AFLT,0.0674,0.44,6.55,-11.79,0.0375,50.6,1.023,0.96,3.81,29.3,5.9,76
S1_MeanRev,hourly,Contrarian,ALRS,-0.1392,-0.85,6.09,-16.55,-0.0512,49.4,0.961,0.976,4.36,31.8,6.2,83
S1_MeanRev,hourly,Contrarian,HYDR,0.7796,5.34,6.85,-8.66,0.6161,53.6,1.265,1.046,5.99,45.6,6.0,119
S1_MeanRev,hourly,Contrarian,IRAO,-0.4228,-3.33,7.88,-20.99,-0.1587,49.8,0.9,0.862,7.71,62.9,5.6,164
S1_MeanRev,hourly,Contrarian,LKOH,-0.0062,-0.03,4.18,-6.61,-0.0039,48.3,0.996,1.026,1.75,20.7,3.8,54
S1_MeanRev,hourly,Contrarian,LSRG,-0.1549,-1.28,8.29,-29.3,-0.0438,49.8,0.951,0.866,5.16,51.3,4.6,133
S1_MeanRev,hourly,Contrarian,MGNT,-0.7199,-3.75,5.21,-28.82,-0.1302,46.5,0.688,0.778,1.82,14.6,5.7,38
S1_MeanRev,hourly,Contrarian,MOEX,-0.1023,-0.39,3.84,-12.75,-0.0308,47.9,0.957,1.03,2.79,22.2,5.7,58
S1_MeanRev,hourly,Contrarian,MTLR,-1.034,-6.33,6.12,-38.74,-0.1634,44.3,0.659,0.801,2.75,26.1,4.8,68
S1_MeanRev,hourly,Contrarian,MTSS,0.1212,1.6,13.23,-24.0,0.0668,49.0,1.041,1.007,11.07,91.6,5.5,238
S1_MeanRev,hourly,Contrarian,NVTK,0.1221,0.87,7.12,-21.56,0.0403,48.6,1.033,1.039,5.77,49.9,5.2,130
S1_MeanRev,hourly,Contrarian,OGKB,-1.1172,-9.61,8.6,-61.04,-0.1574,44.0,0.732,0.883,6.12,41.3,6.8,107
S1_MeanRev,hourly,Contrarian,PHOR,-0.2743,-2.52,9.19,-18.87,-0.1336,47.4,0.94,0.98,9.6,80.5,5.4,210
S1_MeanRev,hourly,Contrarian,RTKM,0.4561,4.22,9.26,-20.95,0.2015,50.5,1.086,1.006,13.48,103.4,6.0,267
S1_MeanRev,hourly,Contrarian,SBER,0.378,6.22,16.47,-14.25,0.4368,46.5,1.321,1.489,5.57,43.1,6.0,110
S1_MeanRev,hourly,Contrarian,TATN,-0.0776,-0.43,5.56,-12.62,-0.0342,47.7,0.975,1.005,4.61,43.3,4.8,113
S1_MeanRev,hourly,Contrarian,VTBR,-0.4106,-5.11,12.45,-48.9,-0.1045,48.0,0.845,0.887,5.39,41.9,5.8,109
S2_Bollinger,daily,Contrarian,AFLT,0.6574,6.17,9.38,-16.33,0.3776,56.0,1.496,1.148,7.17,8.0,4.5,22
S2_Bollinger,daily,Contrarian,ALRS,0.0127,0.14,11.32,-26.71,0.0054,49.6,1.009,1.009,8.25,6.9,6.1,19
S2_Bollinger,daily,Contrarian,HYDR,0.0785,0.97,12.37,-33.81,0.0287,50.3,1.043,1.021,13.85,10.3,6.7,29
S2_Bollinger,daily,Contrarian,IRAO,-0.393,-4.23,10.77,-25.84,-0.1637,48.4,0.826,0.872,16.16,11.6,7.0,32
S2_Bollinger,daily,Contrarian,LKOH,0.2253,1.95,8.66,-10.9,0.1791,49.3,1.108,1.118,14.99,10.3,7.2,29
S2_Bollinger,daily,Contrarian,LSRG,0.5907,6.92,11.71,-15.95,0.4337,55.9,1.309,1.008,14.6,12.9,5.6,36
S2_Bollinger,daily,Contrarian,MGNT,0.5663,6.62,11.69,-23.27,0.2845,54.4,1.33,1.115,13.06,9.4,7.0,26
S2_Bollinger,daily,Contrarian,MOEX,0.2425,1.91,7.87,-15.55,0.1227,51.2,1.172,1.092,6.17,6.9,4.5,19
S2_Bollinger,daily,Contrarian,MTLR,-0.3282,-4.83,14.72,-40.43,-0.1195,50.0,0.808,0.795,8.48,7.6,5.6,21
S2_Bollinger,daily,Contrarian,MTSS,-0.0765,-0.4,5.23,-9.0,-0.0445,44.2,0.935,1.128,5.53,5.1,5.5,14
S2_Bollinger,daily,Contrarian,NVTK,0.5894,8.47,14.38,-17.09,0.4957,48.4,1.386,1.465,13.09,9.1,7.3,25
S2_Bollinger,daily,Contrarian,OGKB,-0.4337,-6.52,15.04,-60.82,-0.1073,44.5,0.775,0.936,8.57,5.4,7.9,15
S2_Bollinger,daily,Contrarian,PHOR,0.1969,1.75,8.9,-14.66,0.1195,55.6,1.116,0.89,10.2,9.4,5.5,26
S2_Bollinger,daily,Contrarian,RTKM,-0.0774,-0.6,7.81,-12.57,-0.0481,51.4,0.931,0.88,5.02,4.3,5.8,12
S2_Bollinger,daily,Contrarian,SBER,-0.2145,-2.46,11.46,-27.83,-0.0883,49.4,0.883,0.905,11.33,10.1,5.6,28
S2_Bollinger,daily,Contrarian,TATN,0.3285,2.76,8.41,-13.63,0.2027,51.2,1.185,1.113,9.27,7.8,5.9,22
S2_Bollinger,daily,Contrarian,VTBR,-0.3772,-9.85,26.12,-87.55,-0.1126,53.1,0.625,0.553,7.05,5.8,6.1,16
S2_Bollinger,hourly,Contrarian,AFLT,0.205,0.67,3.28,-7.58,0.0887,52.4,1.141,0.951,1.06,7.7,6.3,20
S2_Bollinger,hourly,Contrarian,ALRS,0.0285,0.15,5.28,-16.74,0.009,50.5,1.01,0.972,2.64,19.5,6.1,51
S2_Bollinger,hourly,Contrarian,HYDR,0.3928,1.64,4.17,-4.36,0.3762,54.0,1.606,1.219,0.84,8.0,4.8,21
S2_Bollinger,hourly,Contrarian,IRAO,-0.0319,-0.24,7.44,-18.34,-0.013,50.8,0.991,0.901,6.63,46.0,6.6,119
S2_Bollinger,hourly,Contrarian,LKOH,-0.2391,-1.01,4.21,-8.87,-0.1136,50.0,0.835,0.805,1.38,8.4,7.5,22
S2_Bollinger,hourly,Contrarian,LSRG,0.1147,1.08,9.39,-20.98,0.0513,47.4,1.038,1.028,5.33,43.9,5.5,114
S2_Bollinger,hourly,Contrarian,MGNT,-0.9019,-4.23,4.69,-24.15,-0.1751,45.5,0.372,0.445,0.85,8.0,4.8,21
S2_Bollinger,hourly,Contrarian,MOEX,-0.3313,-0.76,2.31,-9.0,-0.0849,49.0,0.817,0.85,0.86,6.5,6.0,17
S2_Bollinger,hourly,Contrarian,MTLR,-0.6055,-4.69,7.74,-34.06,-0.1376,50.4,0.788,0.771,2.35,19.2,5.6,50
S2_Bollinger,hourly,Contrarian,MTSS,0.04,0.22,5.61,-7.4,0.0303,47.8,1.009,1.018,9.89,55.6,8.3,141
S2_Bollinger,hourly,Contrarian,NVTK,-0.1272,-0.52,4.12,-8.76,-0.0599,50.3,0.931,0.835,1.3,14.6,4.0,38
S2_Bollinger,hourly,Contrarian,OGKB,-0.1571,-0.72,4.58,-8.88,-0.0811,48.0,0.932,0.932,2.35,20.0,5.3,52
S2_Bollinger,hourly,Contrarian,PHOR,0.3203,2.84,8.88,-14.84,0.1915,49.6,1.066,1.021,11.06,59.3,8.5,154
S2_Bollinger,hourly,Contrarian,RTKM,0.0363,0.34,9.33,-43.46,0.0078,49.1,1.007,0.988,12.11,79.1,7.0,205
S2_Bollinger,hourly,Contrarian,SBER,0.2896,1.68,5.79,-12.84,0.1306,44.2,1.202,1.505,1.97,17.2,5.2,45
S2_Bollinger,hourly,Contrarian,TATN,-0.0246,-0.07,2.95,-7.31,-0.0099,47.7,0.989,1.038,1.81,22.2,3.7,58
S2_Bollinger,hourly,Contrarian,VTBR,-0.2239,-0.69,3.07,-9.22,-0.0746,46.1,0.884,1.02,1.19,9.6,5.6,25
S3_Donchian,daily,Trend,AFLT,-0.1324,-3.87,29.22,-64.98,-0.0595,48.3,0.965,1.011,48.95,23.6,10.5,53
S3_Donchian,daily,Trend,ALRS,0.4125,10.57,25.62,-42.06,0.2513,49.1,1.121,1.138,49.21,17.7,14.8,38
S3_Donchian,daily,Trend,HYDR,-0.4995,-7.93,15.87,-43.82,-0.1809,45.6,0.842,0.98,25.74,18.1,7.2,41
S3_Donchian,daily,Trend,IRAO,-0.1053,-2.37,22.51,-49.94,-0.0475,47.2,0.96,1.062,33.42,21.4,7.9,48
S3_Donchian,daily,Trend,LKOH,0.5478,11.76,21.46,-28.71,0.4095,51.2,1.204,1.143,40.54,21.6,9.9,47
S3_Donchian,daily,Trend,LSRG,-0.3778,-8.63,22.84,-56.52,-0.1526,49.1,0.881,0.898,28.09,17.4,8.6,37
S3_Donchian,daily,Trend,MGNT,0.3013,8.48,28.15,-33.52,0.253,51.9,1.089,0.997,51.66,20.3,14.4,41
S3_Donchian,daily,Trend,MOEX,0.4752,11.01,23.16,-24.28,0.4533,47.9,1.132,1.209,55.78,23.2,13.0,49
S3_Donchian,daily,Trend,MTLR,-0.1322,-4.52,34.15,-92.1,-0.049,49.3,0.965,0.984,43.95,20.1,11.4,44
S3_Donchian,daily,Trend,MTSS,0.4778,9.63,20.15,-29.2,0.3297,53.5,1.145,0.986,48.29,20.8,12.5,44
S3_Donchian,daily,Trend,NVTK,0.3281,8.33,25.39,-36.03,0.2312,51.4,1.139,1.077,28.21,19.9,7.3,44
S3_Donchian,daily,Trend,OGKB,0.0027,0.08,28.52,-39.49,0.002,49.1,1.001,1.008,47.54,18.0,13.5,40
S3_Donchian,daily,Trend,PHOR,0.4791,9.29,19.39,-19.94,0.4659,50.0,1.178,1.16,34.21,16.4,10.5,37
S3_Donchian,daily,Trend,RTKM,0.4667,12.26,26.27,-28.6,0.4287,49.6,1.137,1.141,47.11,16.8,15.4,35
S3_Donchian,daily,Trend,SBER,0.5253,14.95,28.47,-34.8,0.4296,50.5,1.277,1.237,33.45,24.3,6.9,55
S3_Donchian,daily,Trend,TATN,0.0765,1.82,23.76,-67.07,0.0271,52.9,1.019,0.895,58.68,21.0,15.9,42
S3_Donchian,daily,Trend,VTBR,0.1478,5.55,37.55,-58.79,0.0944,48.4,1.061,1.123,39.98,21.9,9.3,49
S3_Donchian,hourly,Trend,AFLT,0.2026,5.02,24.76,-55.18,0.0909,46.1,1.028,1.125,34.56,176.3,9.3,439
S3_Donchian,hourly,Trend,ALRS,0.6007,12.59,20.96,-28.77,0.4376,48.8,1.089,1.099,29.71,137.7,9.9,356
S3_Donchian,hourly,Trend,HYDR,-0.6495,-8.01,12.33,-50.15,-0.1596,45.4,0.893,1.033,15.86,101.1,7.1,264
S3_Donchian,hourly,Trend,IRAO,-0.4103,-6.67,16.24,-49.59,-0.1344,46.7,0.923,1.008,20.7,126.4,7.5,327
S3_Donchian,hourly,Trend,LKOH,0.4789,15.8,33.0,-56.99,0.2773,50.2,1.083,1.042,46.87,143.2,16.3,340
S3_Donchian,hourly,Trend,LSRG,-0.0487,-1.24,25.54,-66.85,-0.0186,47.4,0.99,1.01,22.84,124.5,8.3,322
S3_Donchian,hourly,Trend,MGNT,0.8595,21.2,24.66,-30.68,0.691,49.9,1.097,1.07,47.86,170.2,13.6,417
S3_Donchian,hourly,Trend,MOEX,0.6709,8.99,13.4,-18.3,0.4912,50.3,1.112,1.086,18.43,90.4,9.2,236
S3_Donchian,hourly,Trend,MTLR,1.6868,53.58,31.77,-37.54,1.4275,50.3,1.241,1.203,34.25,195.4,8.0,504
S3_Donchian,hourly,Trend,MTSS,0.0778,1.3,16.67,-33.96,0.0382,46.5,1.016,1.092,19.02,85.1,10.1,222
S3_Donchian,hourly,Trend,NVTK,1.034,23.71,22.93,-22.81,1.0393,49.7,1.184,1.125,28.22,114.5,11.2,297
S3_Donchian,hourly,Trend,OGKB,-0.1012,-2.09,20.63,-54.26,-0.0385,46.6,0.981,1.067,21.09,121.4,8.0,311
S3_Donchian,hourly,Trend,PHOR,0.191,2.57,13.45,-23.47,0.1095,46.9,1.031,1.108,19.07,119.3,7.3,310
S3_Donchian,hourly,Trend,RTKM,0.1911,3.03,15.87,-29.78,0.1018,47.9,1.04,1.086,15.17,81.0,8.5,212
S3_Donchian,hourly,Trend,SBER,0.7978,10.48,13.13,-18.17,0.5766,49.6,1.137,1.131,23.18,120.1,8.8,313
S3_Donchian,hourly,Trend,TATN,0.559,10.14,18.15,-25.94,0.391,48.4,1.067,1.085,33.83,150.3,10.4,386
S3_Donchian,hourly,Trend,VTBR,0.6817,19.39,28.45,-37.6,0.5158,48.8,1.09,1.092,44.88,143.3,14.7,360
S4_Supertrend,daily,Trend,AFLT,0.6231,11.93,19.15,-16.66,0.7162,51.6,1.254,1.159,24.61,9.5,13.4,21
S4_Supertrend,daily,Trend,ALRS,-1.0608,-12.83,12.1,-63.93,-0.2007,43.9,0.648,0.819,17.34,11.9,7.9,25
S4_Supertrend,daily,Trend,HYDR,-0.0975,-1.25,12.81,-35.4,-0.0353,47.0,0.962,1.069,20.14,11.0,9.2,25
S4_Supertrend,daily,Trend,IRAO,-0.2069,-2.34,11.33,-24.98,-0.0938,48.7,0.915,0.935,16.4,10.8,8.1,23
S4_Supertrend,daily,Trend,LKOH,0.4056,6.6,16.26,-23.7,0.2784,52.0,1.153,1.06,29.16,21.0,7.7,43
S4_Supertrend,daily,Trend,LSRG,0.3997,7.48,18.72,-24.99,0.2994,52.5,1.698,1.424,5.21,9.6,2.8,21
S4_Supertrend,daily,Trend,MGNT,-0.3844,-5.51,14.34,-40.52,-0.136,44.7,0.84,1.029,17.43,13.0,7.7,26
S4_Supertrend,daily,Trend,MOEX,0.4931,6.42,13.03,-27.58,0.2329,47.6,1.211,1.312,22.07,14.1,8.7,29
S4_Supertrend,daily,Trend,MTLR,-0.0863,-1.83,21.18,-41.82,-0.0437,47.0,0.968,1.062,19.21,15.3,6.6,33
S4_Supertrend,daily,Trend,MTSS,0.693,7.99,11.53,-11.15,0.7162,54.0,1.325,1.119,19.81,10.8,9.4,24
S4_Supertrend,daily,Trend,NVTK,0.5085,7.19,14.14,-19.51,0.3687,52.0,1.258,1.15,15.73,10.0,8.1,22
S4_Supertrend,daily,Trend,OGKB,-0.1619,-1.92,11.87,-33.75,-0.057,51.4,0.913,0.83,9.42,5.5,8.9,12
S4_Supertrend,daily,Trend,PHOR,0.2795,4.05,14.51,-19.31,0.2099,50.0,1.239,1.213,8.42,7.7,5.6,17
S4_Supertrend,daily,Trend,RTKM,0.7318,14.05,19.19,-21.14,0.6645,50.0,1.243,1.236,33.63,13.0,13.7,28
S4_Supertrend,daily,Trend,SBER,0.423,4.87,11.51,-16.07,0.3029,49.7,1.246,1.263,13.05,15.0,4.5,33
S4_Supertrend,daily,Trend,TATN,0.6036,7.9,13.09,-16.1,0.4905,50.7,1.277,1.23,18.86,12.6,8.0,27
S4_Supertrend,daily,Trend,VTBR,0.6066,11.05,18.22,-18.28,0.6048,55.6,1.435,1.126,12.48,9.3,6.8,21
S4_Supertrend,hourly,Trend,AFLT,0.2576,6.4,24.85,-41.14,0.1556,46.2,1.056,1.151,19.43,80.6,11.9,194
S4_Supertrend,hourly,Trend,ALRS,-0.0968,-2.52,25.99,-77.53,-0.0325,49.4,0.971,0.955,14.99,69.3,9.9,179
S4_Supertrend,hourly,Trend,HYDR,-0.0887,-0.92,10.38,-34.99,-0.0263,48.0,0.982,1.028,11.18,71.8,7.1,187
S4_Supertrend,hourly,Trend,IRAO,-0.0611,-0.49,7.97,-16.46,-0.0296,47.8,0.986,1.049,8.85,40.1,10.3,102
S4_Supertrend,hourly,Trend,LKOH,0.3117,5.23,16.77,-26.58,0.1966,49.4,1.042,1.039,30.76,118.3,13.2,276
S4_Supertrend,hourly,Trend,LSRG,0.5157,6.86,13.3,-22.84,0.3003,47.6,1.09,1.107,16.78,103.1,7.7,256
S4_Supertrend,hourly,Trend,MGNT,0.3998,4.09,10.23,-15.95,0.2564,48.3,1.076,1.097,13.69,55.7,12.1,134
S4_Supertrend,hourly,Trend,MOEX,-0.0347,-0.32,9.17,-23.33,-0.0136,49.6,0.994,1.001,12.28,100.1,5.7,257
S4_Supertrend,hourly,Trend,MTLR,0.6881,13.32,19.36,-28.82,0.4621,49.8,1.098,1.077,22.6,107.3,10.2,261
S4_Supertrend,hourly,Trend,MTSS,0.8107,10.35,12.77,-14.89,0.695,48.5,1.167,1.154,15.52,71.9,10.4,177
S4_Supertrend,hourly,Trend,NVTK,0.9251,13.09,14.15,-20.17,0.6489,49.6,1.133,1.097,21.8,91.2,11.1,232
S4_Supertrend,hourly,Trend,OGKB,-0.3848,-3.91,10.15,-28.86,-0.1354,45.2,0.921,1.054,10.42,82.8,5.8,212
S4_Supertrend,hourly,Trend,PHOR,-0.2559,-2.45,9.59,-26.61,-0.0922,47.1,0.947,1.012,11.09,78.0,6.6,200
S4_Supertrend,hourly,Trend,RTKM,0.1475,1.79,12.14,-19.05,0.094,46.7,1.039,1.104,9.79,78.7,5.7,202
S4_Supertrend,hourly,Trend,SBER,0.7094,7.4,10.44,-14.72,0.5029,50.5,1.128,1.084,18.02,106.3,7.9,270
S4_Supertrend,hourly,Trend,TATN,-0.4845,-10.42,21.5,-91.11,-0.1143,48.5,0.912,0.923,23.4,92.6,12.4,223
S4_Supertrend,hourly,Trend,VTBR,0.6063,9.0,14.84,-17.99,0.4999,48.7,1.095,1.107,21.64,92.0,11.4,224
S5_PivotPoints,daily,Range,AFLT,-0.5535,-4.33,7.83,-36.48,-0.1188,51.3,0.633,0.554,5.6,14.5,2.1,38
S5_PivotPoints,daily,Range,ALRS,-0.0783,-0.23,2.88,-9.16,-0.0246,54.3,0.922,0.774,3.3,8.1,2.2,21
S5_PivotPoints,daily,Range,HYDR,0.242,1.61,6.66,-9.29,0.1736,59.0,1.14,0.793,11.19,28.0,2.2,71
S5_PivotPoints,daily,Range,IRAO,-0.311,-1.59,5.11,-17.2,-0.0924,51.5,0.811,0.762,6.97,15.4,2.4,40
S5_PivotPoints,daily,Range,LKOH,-0.2768,-2.58,9.31,-25.85,-0.0997,45.1,0.833,1.014,9.54,17.9,3.1,43
S5_PivotPoints,daily,Range,LSRG,-0.3243,-3.37,10.38,-25.51,-0.132,45.6,0.837,0.97,13.01,23.7,3.2,57
S5_PivotPoints,daily,Range,MGNT,-1.1312,-9.46,8.36,-59.28,-0.1595,44.4,0.551,0.683,12.12,26.4,2.6,66
S5_PivotPoints,daily,Range,MOEX,-0.1779,-1.32,7.39,-19.87,-0.0662,49.6,0.905,0.905,9.54,22.4,2.5,54
S5_PivotPoints,daily,Range,MTLR,-0.0257,-0.29,11.15,-20.08,-0.0143,58.1,0.984,0.711,8.91,18.3,3.0,42
S5_PivotPoints,daily,Range,MTSS,-0.2316,-1.26,5.46,-15.54,-0.0814,51.0,0.881,0.835,10.84,28.9,2.1,71
S5_PivotPoints,daily,Range,NVTK,-0.2694,-1.7,6.32,-21.29,-0.08,51.5,0.846,0.781,7.27,14.7,3.1,33
S5_PivotPoints,daily,Range,OGKB,-0.1103,-0.85,7.69,-17.71,-0.0479,46.9,0.911,0.992,6.92,14.7,2.7,36
S5_PivotPoints,daily,Range,PHOR,-0.0068,-0.06,9.06,-13.58,-0.0045,53.9,0.997,0.843,13.86,30.2,2.7,71
S5_PivotPoints,daily,Range,RTKM,0.096,1.55,16.11,-33.39,0.0463,50.2,1.039,1.026,22.02,52.2,2.5,122
S5_PivotPoints,daily,Range,SBER,-0.1301,-1.18,9.07,-27.29,-0.0432,54.6,0.946,0.773,18.65,36.2,3.2,80
S5_PivotPoints,daily,Range,TATN,-0.282,-1.85,6.58,-23.36,-0.0794,48.0,0.847,0.905,8.84,19.4,2.7,45
S5_PivotPoints,daily,Range,VTBR,0.0571,0.48,8.35,-12.68,0.0376,56.7,1.036,0.777,9.64,22.3,2.5,53
S5_PivotPoints,hourly,Range,AFLT,-0.2455,-2.13,8.69,-25.03,-0.0852,50.3,0.944,0.86,8.67,74.6,5.4,225
S5_PivotPoints,hourly,Range,ALRS,-0.9989,-10.14,10.15,-74.06,-0.1369,47.9,0.803,0.835,9.65,85.3,5.3,259
S5_PivotPoints,hourly,Range,HYDR,0.2025,0.93,4.58,-4.9,0.1893,52.5,1.064,0.926,4.58,47.4,4.5,143
S5_PivotPoints,hourly,Range,IRAO,-0.2407,-1.0,4.17,-13.07,-0.0767,49.6,0.937,0.915,5.57,60.0,4.3,184
S5_PivotPoints,hourly,Range,LKOH,-1.196,-6.93,5.8,-45.43,-0.1526,45.7,0.69,0.797,5.38,50.8,4.9,155
S5_PivotPoints,hourly,Range,LSRG,-0.1799,-1.15,6.4,-26.06,-0.0442,45.9,0.948,1.004,6.01,60.6,4.6,183
S5_PivotPoints,hourly,Range,MGNT,-0.717,-4.9,6.84,-36.03,-0.1361,47.1,0.844,0.917,6.98,63.8,5.1,195
S5_PivotPoints,hourly,Range,MOEX,-0.4854,-4.14,8.53,-41.68,-0.0994,47.5,0.874,0.949,8.18,70.7,5.5,211
S5_PivotPoints,hourly,Range,MTLR,-0.4731,-1.96,4.14,-14.32,-0.1368,48.4,0.804,0.816,2.05,21.2,4.4,66
S5_PivotPoints,hourly,Range,MTSS,0.7122,7.37,10.35,-19.14,0.3852,50.3,1.148,1.085,14.6,137.4,5.0,415
S5_PivotPoints,hourly,Range,NVTK,-0.5709,-4.46,7.81,-33.16,-0.1344,48.6,0.867,0.889,6.36,61.4,4.8,187
S5_PivotPoints,hourly,Range,OGKB,0.0517,0.53,10.24,-26.7,0.0198,48.3,1.02,1.039,6.3,65.6,4.4,200
S5_PivotPoints,hourly,Range,PHOR,-0.2245,-1.93,8.61,-39.79,-0.0486,50.4,0.96,0.888,12.93,102.7,5.9,309
S5_PivotPoints,hourly,Range,RTKM,0.2775,2.35,8.46,-26.09,0.09,49.6,1.056,1.02,11.76,105.4,5.2,322
S5_PivotPoints,hourly,Range,SBER,-0.8915,-6.85,7.68,-50.85,-0.1347,51.1,0.832,0.781,11.9,96.3,5.9,286
S5_PivotPoints,hourly,Range,TATN,0.1801,0.92,5.12,-11.96,0.0772,47.5,1.056,1.09,4.6,46.0,4.6,140
S5_PivotPoints,hourly,Range,VTBR,-1.1661,-5.57,4.77,-38.27,-0.1454,48.7,0.689,0.692,4.42,42.5,4.8,130
S6_VWAP,daily,Range,AFLT,-0.6316,-4.86,7.7,-33.62,-0.1446,44.8,0.534,0.636,4.16,7.2,2.9,20
S6_VWAP,daily,Range,ALRS,0.7122,4.67,6.56,-6.59,0.7093,62.3,1.929,1.169,3.8,5.1,3.8,14
S6_VWAP,daily,Range,HYDR,-0.2106,-1.66,7.9,-23.9,-0.0696,52.1,0.888,0.816,10.19,12.5,4.2,34
S6_VWAP,daily,Range,IRAO,-0.4417,-2.43,5.51,-21.22,-0.1146,45.5,0.754,0.871,7.11,9.1,4.0,25
S6_VWAP,daily,Range,LKOH,0.2591,1.24,4.77,-10.84,0.1141,50.0,1.231,1.231,4.16,8.3,2.5,23
S6_VWAP,daily,Range,LSRG,0.1903,0.92,4.85,-6.76,0.1365,52.3,1.182,1.008,4.7,6.9,3.4,19
S6_VWAP,daily,Range,MGNT,-0.7927,-5.22,6.59,-32.04,-0.163,48.9,0.562,0.588,6.31,9.0,3.5,25
S6_VWAP,daily,Range,MOEX,0.1012,0.64,6.33,-10.22,0.0627,48.0,1.069,1.136,7.17,9.6,3.8,26
S6_VWAP,daily,Range,MTLR,-0.3554,-3.62,10.19,-31.92,-0.1134,48.4,0.773,0.825,6.54,7.1,4.8,19
S6_VWAP,daily,Range,MTSS,-0.4897,-1.87,3.82,-12.25,-0.1526,41.9,0.629,0.874,3.09,3.3,4.8,9
S6_VWAP,daily,Range,NVTK,-0.5291,-2.71,5.13,-24.56,-0.1105,46.0,0.62,0.727,3.6,4.4,4.2,12
S6_VWAP,daily,Range,OGKB,-0.0989,-0.4,4.05,-12.0,-0.0334,50.8,0.922,0.863,4.39,6.4,3.6,17
S6_VWAP,daily,Range,PHOR,-0.1881,-1.0,5.31,-11.22,-0.089,48.5,0.882,0.936,7.26,8.7,4.4,23
S6_VWAP,daily,Range,RTKM,0.0205,0.13,6.21,-15.4,0.0083,58.1,1.018,0.736,4.45,7.2,3.3,19
S6_VWAP,daily,Range,SBER,-0.4002,-2.24,5.59,-20.09,-0.1113,53.1,0.694,0.612,4.59,5.8,4.0,16
S6_VWAP,daily,Range,TATN,-0.4742,-4.89,10.3,-29.68,-0.1646,36.7,0.639,1.1,7.04,6.2,5.8,17
S6_VWAP,daily,Range,VTBR,-0.0181,-0.16,8.61,-22.44,-0.0069,53.8,0.99,0.848,10.29,14.9,3.7,39
S6_VWAP,hourly,Range,AFLT,-0.0031,-0.01,4.42,-11.5,-0.0012,50.9,0.999,0.819,2.67,31.6,3.9,82
S6_VWAP,hourly,Range,ALRS,-0.6295,-2.54,4.04,-17.01,-0.1495,48.4,0.776,0.792,2.44,31.8,3.5,82
S6_VWAP,hourly,Range,HYDR,0.5593,2.28,4.07,-5.43,0.4195,54.1,1.167,0.933,5.59,72.6,3.6,183
S6_VWAP,hourly,Range,IRAO,0.033,0.11,3.4,-7.16,0.0157,52.1,1.011,0.859,4.01,53.5,3.4,138
S6_VWAP,hourly,Range,LKOH,0.1753,0.37,2.08,-5.52,0.0662,57.9,1.094,0.743,1.5,19.3,3.6,50
S6_VWAP,hourly,Range,LSRG,0.1358,0.78,5.74,-11.27,0.0691,47.4,1.04,1.009,6.06,64.2,4.4,162
S6_VWAP,hourly,Range,MGNT,0.1649,0.57,3.45,-8.08,0.0704,47.4,1.089,1.188,1.76,24.7,3.3,64
S6_VWAP,hourly,Range,MOEX,-0.2546,-0.65,2.57,-7.08,-0.0924,51.7,0.873,0.788,1.5,22.0,3.1,57
S6_VWAP,hourly,Range,MTLR,-0.7017,-2.04,2.9,-12.12,-0.1681,45.1,0.598,0.715,0.86,8.8,4.4,23
S6_VWAP,hourly,Range,MTSS,-0.2763,-4.51,16.31,-57.15,-0.0789,48.5,0.927,0.929,15.35,157.0,4.6,392
S6_VWAP,hourly,Range,NVTK,-0.7453,-3.21,4.31,-20.42,-0.1573,44.7,0.766,0.907,3.18,41.9,3.5,107
S6_VWAP,hourly,Range,OGKB,0.477,1.43,3.0,-6.29,0.2277,54.1,1.198,0.944,2.58,30.7,3.9,79
S6_VWAP,hourly,Range,PHOR,-0.3698,-4.46,12.06,-27.76,-0.1607,48.5,0.922,0.925,12.75,134.4,4.4,344
S6_VWAP,hourly,Range,RTKM,0.4399,4.5,10.24,-20.14,0.2237,50.3,1.08,1.005,16.13,173.7,4.4,439
S6_VWAP,hourly,Range,SBER,-0.246,-0.92,3.74,-11.85,-0.0776,57.5,0.908,0.655,3.22,44.4,3.4,112
S6_VWAP,hourly,Range,TATN,0.0553,0.19,3.43,-12.46,0.0152,51.7,1.023,0.891,2.42,28.6,3.9,73
S6_VWAP,hourly,Range,VTBR,-0.6061,-2.99,4.93,-20.58,-0.1453,50.0,0.833,0.778,4.84,54.7,4.1,141
